{
    "г": 0.11700844390832328,
    "О": 0.09408926417370325,
    "Д": 0.09167671893848009,
    "J": 0.07840772014475271,
    "у": 0.06513872135102533,
    "Р": 0.061519903498190594,
    "<": 0.05669481302774427,
    "9": 0.05548854041013269,
    "Y": 0.04221954161640531,
    "Я": 0.03618817852834741,
    "1": 0.027744270205066344,
    "@": 0.027744270205066344,
    "3": 0.024125452352231604,
    "К": 0.021712907117008445,
    "R": 0.019300361881785282,
    "Ж": 0.018094089264173704,
    "U": 0.016887816646562123,
    "Z": 0.016887816646562123,
    "Й": 0.016887816646562123,
    "%": 0.014475271411338963,
    "Q": 0.013268998793727383,
    "F": 0.012062726176115802,
    "i": 0.012062726176115802,
    "N": 0.010856453558504222,
    "Ё": 0.010856453558504222,
    "7": 0.009650180940892641,
    "Т": 0.008443908323281062,
    "ю": 0.007237635705669481,
    "И": 0.006031363088057901,
    "=": 0.0036188178528347406,
    "G": 0.0024125452352231603,
    "s": 0.0012062726176115801
}